,spoc,riemann,n_components,fold_idx
0,-0.010564333721189367,-1643187.5414690264,1,0
1,-158178.5891540404,-10772.939770227014,1,1
2,-2204603.6082782294,-0.010355551173139466,1,2
3,-2869.7298491613915,-323654.1556711346,1,3
4,-3971.9761861791594,-0.010769203037741981,1,4
5,-0.010600462311036507,-30240.88841092174,1,5
6,-0.010564333721189367,-1943122.0507777254,1,6
7,-0.010682583137985091,-10712.002801505456,1,7
8,-8961.314348591346,-50959.734576261224,1,8
9,-9124.151716693643,-0.01078780438207505,1,9
0,-0.010686891585888869,-0.010804112704973612,2,0
1,-161166.70708535993,-29944.589714144055,2,1
2,-8921.475661147955,-0.010678536545601247,2,2
3,-3067735.354430853,-903477.7645216362,2,3
4,-3675.2007104419254,-0.010651202438126894,2,4
5,-8905.800608165655,-26452.976722206393,2,5
6,-3974.988962744422,-7170.471423336644,2,6
7,-8922.782248531237,-30193.202106451125,2,7
8,-29983.545026280197,-4035.8651105722697,2,8
9,-3975.016919054464,-0.010651202438126894,2,9
0,-8828.988440868696,-0.010642399378788525,3,0
1,-8883.448242271907,-0.010580884889278996,3,1
2,-1295921.0615154381,-0.010756708448223629,3,2
3,-0.010689902383521188,-8892.468865012805,3,3
4,-2880.07818063881,-2855.0529759747224,3,4
5,-3978.1778100086717,-0.010782005362479419,3,5
6,-1046961.2297332321,-1535636.3189404875,3,6
7,-9047.164498956867,-0.01076609872943779,3,7
8,-3978.1778100086717,-8892.468865012805,3,8
9,-3978.1778100086717,-29892.22633759831,3,9
0,-3950.8907122409737,-10941.624370418995,4,0
1,-877457.9195628393,-0.010591590089110925,4,1
2,-153209.80586521135,-8591.746877376476,4,2
3,-1031834.0453847218,-198660.9587036165,4,3
4,-8763.018630061788,-883777.5269010968,4,4
5,-3947.846518026339,-1196727.6078115285,4,5
6,-0.010672047982859922,-194432.57879409625,4,6
7,-30101.377495583118,-1010049.2055373664,4,7
8,-165845.3368254892,-893414.9255426647,4,8
9,-161250.26143006978,-194432.57879409625,4,9
0,-3931.9164472951147,-0.01058686785162255,5,0
1,-161717.77041486974,-0.010683201606475068,5,1
2,-28975.138775413583,-1979140.641380277,5,2
3,-4246.674973718317,-0.010563257258600967,5,3
4,-8710.985319200787,-4295.819680403581,5,4
5,-8710.985319200787,-206122.3545342172,5,5
6,-866196.553584478,-3760.5586603303686,5,6
7,-1394757.440310078,-885957.7763166813,5,7
8,-163026.082418499,-0.01067751671334527,5,8
9,-1947345.9961022206,-896568.330099902,5,9
0,-164395.84415006186,-191195.45987795398,6,0
1,-3960.7268657574555,-3967.682963837236,6,1
2,-156218.50540697153,-203111.3986175028,6,2
3,-0.010560969687714028,-185563.1791548912,6,3
4,-1923783.037698099,-0.010541549951065043,6,4
5,-164395.84415006186,-8586.804683858216,6,5
6,-0.010670798055072872,-28639.598676147725,6,6
7,-27962.553064606644,-0.010541549951065043,6,7
8,-0.010579301306101518,-0.010541549951065043,6,8
9,-164395.84415006186,-28770.91874915765,6,9
0,-1236240.1212940903,-888722.5509801363,7,0
1,-3923.793415197223,-8481.017956960999,7,1
2,-1459489.1107498566,-1467553.1421757622,7,2
3,-28982.05006935013,-2930068.5303424187,7,3
4,-167156.07225071153,-0.010609861116487318,7,4
5,-8542.709253469293,-0.010695004363528104,7,5
6,-3959.6361601572094,-0.010604699337000145,7,6
7,-9254.59288260034,-34582.760321001515,7,7
8,-167156.07225071153,-2087316.6684988826,7,8
9,-0.01051125990986268,-0.010609861116487318,7,9
0,-2072765.8097313545,-8369.202771602055,8,0
1,-983664.9985312298,-8369.202771602055,8,1
2,-1219292.0554080196,-6739.322652969279,8,2
3,-167098.21369263215,-1011312.236018563,8,3
4,-1886559.6739551232,-2897151.4313915237,8,4
5,-1354643.977777165,-4433.6443332030885,8,5
6,-0.010679119961444883,-180007.27650764683,8,6
7,-168624.22563833452,-29769.491321475758,8,7
8,-0.01054728737286692,-28424.77793909486,8,8
9,-0.010574014424054257,-6685.4443693179155,8,9
0,-0.01055764756343236,-872502.8144457776,9,0
1,-3707.4479548969916,-4176.377593698622,9,1
2,-8569.323849666818,-2820834.9873386524,9,2
3,-170317.10899807702,-1418772.8320686033,9,3
4,-0.010662577442361654,-4219.396295234917,9,4
5,-3898.8449251806046,-1919192.513823912,9,5
6,-168680.7730176803,-8175.1589387347685,9,6
7,-170317.10899807702,-0.010716045134869123,9,7
8,-28390.307218794984,-8309.165343756542,9,8
9,-1142680.8683641397,-28228.711936235362,9,9
0,-174316.69905116997,-865155.4413998968,10,0
1,-2823062.561476082,-8043.518761461436,10,1
2,-0.010654246634663522,-4312.156543069211,10,2
3,-0.010532032466051167,-0.010610819343941369,10,3
4,-3950.8117793007054,-842302.8081412149,10,4
5,-160941.04937451694,-0.010610819343941369,10,5
6,-28261.022032669694,-195421.75659212083,10,6
7,-2907.9601704438724,-216899.45684832535,10,7
8,-174316.69905116997,-198964.84136321468,10,8
9,-28626.825451758832,-4253.044214210849,10,9
0,-162531.91401362224,-3421.6012010745594,11,0
1,-2009594.9597136325,-4626.60626025157,11,1
2,-3923.337441487084,-14184.796827948283,11,2
3,-3724.8310126065717,-2616765.165737875,11,3
4,-0.010676425825187907,-8287.462336715329,11,4
5,-173126.0213323054,-26039.216358033053,11,5
6,-0.010586752294501345,-7676.691499456535,11,6
7,-0.010586752294501345,-1860159.4128334401,11,7
8,-1423939.6973215195,-3421.6012010745594,11,8
9,-2009594.9597136325,-0.010605969933789483,11,9
0,-27434.622888562175,-0.010599528151759241,12,0
1,-3988.138191875975,-25324.038998965483,12,1
2,-0.010580566397552893,-24971.64726806778,12,2
3,-2930.740698608088,-57019.1027201035,12,3
4,-175267.00685488593,-17446.181941530802,12,4
5,-0.010580566397552893,-14764.398203201741,12,5
6,-30379.27070233436,-25324.038998965483,12,6
7,-2930.740698608088,-7530.075205956149,12,7
8,-0.010797797136763876,-1815603.6405710008,12,8
9,-0.010611246502961524,-296437.3253380659,12,9
0,-0.010804354028599805,-1074903.9683452013,13,0
1,-3983.111021532681,-6064.839569741167,13,1
2,-4935.187603087218,-5856.281996488509,13,2
3,-8527.665177850815,-857879.3331276842,13,3
4,-0.010716441043411962,-0.010579947358086761,13,4
5,-8462.84238962911,-7192.361645741783,13,5
6,-0.010722016721144811,-0.010713362142805494,13,6
7,-27227.42007704651,-664213.8106225524,13,7
8,-28437.974045160554,-5284.202953697277,13,8
9,-1783528.672351749,-608611.4415145697,13,9
0,-0.010708055081699142,-1409933.1291869157,14,0
1,-3831.1209560712996,-5932.865669373762,14,1
2,-1763400.6928119063,-5918.723341810173,14,2
3,-8350.140981282442,-91342.41587019872,14,3
4,-1948777.91451931,-0.010689811899508905,14,4
5,-3831.1209560712996,-985865.0322873485,14,5
6,-1948777.91451931,-0.010594206856784805,14,6
7,-785223.9369964207,-1437634.9527031744,14,7
8,-168167.3919932577,-23496.258429696263,14,8
9,-3739.7814727941227,-0.010686456745167439,14,9
0,-0.010700248109695387,-0.010688493037326774,15,0
1,-2977.4064137938126,-0.010591194916655278,15,1
2,-778107.0122146915,-84552.46742385486,15,2
3,-8417.257331718753,-0.010591194916655278,15,3
4,-0.01071694805933543,-1628645.182714428,15,4
5,-1276715.4320329998,-5523.550328595,15,5
6,-183444.248950128,-22482.54120759718,15,6
7,-6918.095710855607,-0.01060107111762254,15,7
8,-778107.0122146915,-6232.008737050125,15,8
9,-183747.63463225446,-2278654.164736845,15,9
0,-2648441.998827774,-26064.21869598911,16,0
1,-769181.6006481075,-1464838.2306258155,16,1
2,-27371.09935846105,-0.010753207641632567,16,2
3,-6883.382651515252,-979468.7940736165,16,3
4,-3913.457447133432,-5339.118387329239,16,4
5,-184223.445561451,-2805469.8153687106,16,5
6,-183311.623214984,-0.010616463996245384,16,6
7,-8067.758414280781,-713031.1560106362,16,7
8,-803592.3889186499,-0.010688996427193231,16,8
9,-26870.130949302384,-7509.374116905796,16,9
0,-3910.122801638638,-2890732.074133192,17,0
1,-8397.468006424322,-1924205.6471093078,17,1
2,-3987.1806691095435,-6027.725122653538,17,2
3,-0.010510472658988412,-5977.2594630380845,17,3
4,-26293.86444297226,-968519.0324816642,17,4
5,-2996.8110339457935,-688530.7950347778,17,5
6,-0.010819669216774352,-182688.2237046263,17,6
7,-1718588.1456054554,-1360972.8251364375,17,7
8,-3910.122801638638,-0.0105807391253665,17,8
9,-187327.06357999728,-7387.457910191209,17,9
0,-0.010523584840570921,-1097828.1474250995,18,0
1,-189017.98999256192,-10498.005077295273,18,1
2,-27405.299890264992,-853061.131943997,18,2
3,-0.0106253311064759,-20297.273496975395,18,3
4,-3750.6594056290687,-20297.273496975395,18,4
5,-3842.0297005991533,-1437157.7210968148,18,5
6,-26048.098030855952,-12379.456557458621,18,6
7,-0.010722733425970743,-11078.21469508197,18,7
8,-1083262.696114665,-0.010615596206460243,18,8
9,-1247325.5596238363,-1794980.402932492,18,9
0,-8062.745672848388,-8171366.514081132,19,0
1,-6819.5573952853065,-612105.4945665635,19,1
2,-3914.9613500614305,-8171366.514081132,19,2
3,-0.01074019088396927,-1500586.6692328406,19,3
4,-0.01074019088396927,-8798974.715175688,19,4
5,-1064712.2652605332,-466165.44405448076,19,5
6,-3914.9613500614305,-0.010594033783883683,19,6
7,-0.010838035765077914,-0.010698995355734375,19,7
8,-1699677.7449096178,-6843.441118855016,19,8
9,-0.01062803008204738,-1695787.4504061795,19,9
0,-1880365.3086176475,-16734.25005610045,20,0
1,-2580772.5550423865,-0.010594808279709156,20,1
2,-3844.923115627534,-0.010594808279709156,20,2
3,-3913.373886923929,-17031.425457281366,20,3
4,-0.010668179086374963,-13256127.970588846,20,4
5,-8171.283492671801,-13445961.565071505,20,5
6,-8171.283492671801,-863574.7726658293,20,6
7,-191507.11990662903,-630069.6763725798,20,7
8,-877573.5140651886,-4912.068971107468,20,8
9,-26668.079164977462,-16734.25005610045,20,9
0,-3754.642551781694,-24384.551527000116,21,0
1,-25548.28798386362,-16879.850722304454,21,1
2,-1055943.1754269754,-18556.78610043857,21,2
3,-27020.313843944572,-0.01062532531544691,21,3
4,-0.010662732603824443,-27627.073277404867,21,4
5,-192953.10489364123,-1389174.6781536883,21,5
6,-1683590.5103870842,-14159830.122906966,21,6
7,-3043.9141698319263,-1020616.7084218147,21,7
8,-0.010528773849057593,-616678.8486345875,21,8
9,-0.010840316882210876,-0.01062532531544691,21,9
0,-4021.756475556369,-1255338.052413712,22,0
1,-33319.68122105468,-16061.898573281924,22,1
2,-5650.508623390243,-1423862.4300091353,22,2
3,-1314055.0379398759,-25737.4078847803,22,3
4,-1224386.3523341264,-0.010713059799896785,22,4
5,-3822.972621484806,-0.010583463296097273,22,5
6,-8142.589957014978,-26046.086907854402,22,6
7,-864886.5445795163,-25586.93434278839,22,7
8,-743178.2982480939,-16061.898573281924,22,8
9,-192969.52230515206,-0.01061808067701464,22,9
0,-7990.478267727006,-24014.35392803834,23,0
1,-1219943.2190110483,-1192397.0720077825,23,1
2,-11366.325475433308,-24550.232498471134,23,2
3,-7990.478267727006,-4433.628080173494,23,3
4,-26824.232949974044,-580547.3334778639,23,4
5,-1309400.4463943006,-24014.35392803834,23,5
6,-7923.9611302966205,-24967.266774279182,23,6
7,-25319.462603241067,-4899.331720275994,23,7
8,-0.010607077151814082,-3442743.3481031097,23,8
9,-179099.8151776904,-19690476.640316155,23,9
0,-179233.27425159892,-34117.44640328313,24,0
1,-1047568.4750449285,-3856.483578274097,24,1
2,-8283.509778909061,-1360707.4278702785,24,2
3,-0.010600068696130505,-0.010607284270474082,24,3
4,-8118.412790803302,-0.01075030953184708,24,4
5,-8283.509778909061,-0.010723335641259713,24,5
6,-1218224.6954683783,-4531.148655445484,24,6
7,-193063.35689315206,-13005.16534470964,24,7
8,-3753.183335780821,-15714.31654387121,24,8
9,-8118.412790803302,-5960.6194576670805,24,9
0,-0.010411482659055116,-8707.443948632908,25,0
1,-26535.227021584276,-0.010645107806720011,25,1
2,-0.010498598153810823,-1910280.7129870523,25,2
3,-8103.691168494871,-0.010730131243545715,25,3
4,-193812.7214978113,-8549.15810661919,25,4
5,-0.01063498737677726,-1188138.465416769,25,5
6,-767875.884517837,-4772361.19321398,25,6
7,-7906.871332182644,-6260.64225176048,25,7
8,-767875.884517837,-36023.89601245971,25,8
9,-25627.933721245347,-9916.991661982416,25,9
0,-8334.820038722228,-3572643.708951978,26,0
1,-26013.717073905133,-641299.5516923462,26,1
2,-194312.8053120056,-0.010727539503793126,26,2
3,-26463.810115199947,-641299.5516923462,26,3
4,-1657132.1635327858,-40369.21563270169,26,4
5,-7953.8622102262825,-7496.581280873464,26,5
6,-0.010563773469458138,-3572643.708951978,26,6
7,-194857.80365688677,-6884.610229567576,26,7
8,-5734.269137542916,-0.010727539503793126,26,8
9,-736556.3881952766,-8342.490952541246,26,9
0,-26421.489308679178,-22212.053292113844,27,0
1,-25961.93386392184,-0.010734034466701958,27,1
2,-8080.780413693507,-1107209.3022257707,27,2
3,-0.01092249541240431,-1792563.3905233433,27,3
4,-8080.780413693507,-2313256.804381473,27,4
5,-853445.926906346,-8981.312828157317,27,5
6,-1653583.4479752565,-9877.897920171048,27,6
7,-0.010573982292825246,-1051791.8951566215,27,7
8,-3995.6047596893286,-4358566.114305782,27,8
9,-3841.011115879407,-10849.368316005737,27,9
0,-25798.90903453218,-2354.1161373017762,28,0
1,-843655.1694417396,-0.010604619715484542,28,1
2,-8057.736210754067,-18099.187794612353,28,2
3,-3820.784959052427,-1260134.3156330117,28,3
4,-11658.27972481606,-581045.1592652799,28,4
5,-0.010563659719087681,-28444.991336695315,28,5
6,-26342.218705662443,-6264.144785917508,28,6
7,-727343.5293124389,-2938.746147243595,28,7
8,-11658.27972481606,-0.010729267091122319,28,8
9,-6746.816963397386,-0.010774783692958811,28,9
0,-3843.71024552754,-14256.007584959556,29,0
1,-4040.442870016592,-393232.9522414211,29,1
2,-26276.4997855115,-0.010617123398953154,29,2
3,-34416.281879895614,-551995.4312510367,29,3
4,-7831.774728881832,-2368.109091847427,29,4
5,-8248.083754851736,-12532.665091978866,29,5
6,-0.010469571328428628,-5476.206424543975,29,6
7,-5947.195514269677,-0.010727399992330522,29,7
8,-1032094.1283465351,-0.010727399992330522,29,8
9,-0.010612116808241812,-5476.206424543975,29,9
0,-3134.1250686290164,-0.010723026247672518,30,0
1,-201587.81806298412,-13285.99684788293,30,1
2,-25143.190974093068,-5620.356647826036,30,2
3,-7824.047464142051,-0.010724842682158675,30,3
4,-1788572.864203286,-5568.908875381367,30,4
5,-8247.176679084927,-495513.33130043995,30,5
6,-0.010385688965560691,-13285.99684788293,30,6
7,-3827.9118909056483,-1855.2648649084986,30,7
8,-1788572.864203286,-404152.6136719957,30,8
9,-202009.9505951082,-567504.9187009069,30,9
0,-12261.32867630308,-1072787.02040121,31,0
1,-6797.179431851743,-404670.14812052925,31,1
2,-1178296.7277847012,-7248.7461476059825,31,2
3,-0.010533739923383578,-4967.891191276645,31,3
4,-1611486.4207078877,-14457.33460233272,31,4
5,-6216.109326933816,-1063710.6326886467,31,5
6,-2408093.7036980237,-14382.467244418409,31,6
7,-0.010433503346416462,-6805.406825231295,31,7
8,-35539.340538027434,-0.010715770130186097,31,8
9,-0.010356079766112192,-0.010770548555389281,31,9
0,-736296.739118679,-5093665.931497391,32,0
1,-7801.240876379571,-0.010724752986310593,32,1
2,-0.010559757506379164,-0.010596793618705247,32,2
3,-3874.9032462230907,-922346.7136698421,32,3
4,-0.010550124761892876,-238661.26407348638,32,4
5,-3883.358257297913,-0.010721655765503657,32,5
6,-983901.726976001,-5093665.931497391,32,6
7,-0.010559757506379164,-266750.48401378863,32,7
8,-8033.807774450954,-10485.874606192967,32,8
9,-1599384.6749314389,-2205.4115652882297,32,9
0,,,33,0
1,,,33,1
2,,,33,2
3,,,33,3
4,,,33,4
5,,,33,5
6,,,33,6
7,,,33,7
8,,,33,8
9,,,33,9
0,,,34,0
1,,,34,1
2,,,34,2
3,,,34,3
4,,,34,4
5,,,34,5
6,,,34,6
7,,,34,7
8,,,34,8
9,,,34,9
0,,,35,0
1,,,35,1
2,,,35,2
3,,,35,3
4,,,35,4
5,,,35,5
6,,,35,6
7,,,35,7
8,,,35,8
9,,,35,9
0,,,36,0
1,,,36,1
2,,,36,2
3,,,36,3
4,,,36,4
5,,,36,5
6,,,36,6
7,,,36,7
8,,,36,8
9,,,36,9
0,,,37,0
1,,,37,1
2,,,37,2
3,,,37,3
4,,,37,4
5,,,37,5
6,,,37,6
7,,,37,7
8,,,37,8
9,,,37,9
0,,,38,0
1,,,38,1
2,,,38,2
3,,,38,3
4,,,38,4
5,,,38,5
6,,,38,6
7,,,38,7
8,,,38,8
9,,,38,9
0,,,39,0
1,,,39,1
2,,,39,2
3,,,39,3
4,,,39,4
5,,,39,5
6,,,39,6
7,,,39,7
8,,,39,8
9,,,39,9
0,,,40,0
1,,,40,1
2,,,40,2
3,,,40,3
4,,,40,4
5,,,40,5
6,,,40,6
7,,,40,7
8,,,40,8
9,,,40,9
0,,,41,0
1,,,41,1
2,,,41,2
3,,,41,3
4,,,41,4
5,,,41,5
6,,,41,6
7,,,41,7
8,,,41,8
9,,,41,9
0,,,42,0
1,,,42,1
2,,,42,2
3,,,42,3
4,,,42,4
5,,,42,5
6,,,42,6
7,,,42,7
8,,,42,8
9,,,42,9
0,,,43,0
1,,,43,1
2,,,43,2
3,,,43,3
4,,,43,4
5,,,43,5
6,,,43,6
7,,,43,7
8,,,43,8
9,,,43,9
0,,,44,0
1,,,44,1
2,,,44,2
3,,,44,3
4,,,44,4
5,,,44,5
6,,,44,6
7,,,44,7
8,,,44,8
9,,,44,9
0,,,45,0
1,,,45,1
2,,,45,2
3,,,45,3
4,,,45,4
5,,,45,5
6,,,45,6
7,,,45,7
8,,,45,8
9,,,45,9
0,,,46,0
1,,,46,1
2,,,46,2
3,,,46,3
4,,,46,4
5,,,46,5
6,,,46,6
7,,,46,7
8,,,46,8
9,,,46,9
0,,,47,0
1,,,47,1
2,,,47,2
3,,,47,3
4,,,47,4
5,,,47,5
6,,,47,6
7,,,47,7
8,,,47,8
9,,,47,9
0,,,48,0
1,,,48,1
2,,,48,2
3,,,48,3
4,,,48,4
5,,,48,5
6,,,48,6
7,,,48,7
8,,,48,8
9,,,48,9
0,,,49,0
1,,,49,1
2,,,49,2
3,,,49,3
4,,,49,4
5,,,49,5
6,,,49,6
7,,,49,7
8,,,49,8
9,,,49,9
0,,,50,0
1,,,50,1
2,,,50,2
3,,,50,3
4,,,50,4
5,,,50,5
6,,,50,6
7,,,50,7
8,,,50,8
9,,,50,9
0,,,51,0
1,,,51,1
2,,,51,2
3,,,51,3
4,,,51,4
5,,,51,5
6,,,51,6
7,,,51,7
8,,,51,8
9,,,51,9
0,,,52,0
1,,,52,1
2,,,52,2
3,,,52,3
4,,,52,4
5,,,52,5
6,,,52,6
7,,,52,7
8,,,52,8
9,,,52,9
0,,,53,0
1,,,53,1
2,,,53,2
3,,,53,3
4,,,53,4
5,,,53,5
6,,,53,6
7,,,53,7
8,,,53,8
9,,,53,9
0,,,54,0
1,,,54,1
2,,,54,2
3,,,54,3
4,,,54,4
5,,,54,5
6,,,54,6
7,,,54,7
8,,,54,8
9,,,54,9
0,,,55,0
1,,,55,1
2,,,55,2
3,,,55,3
4,,,55,4
5,,,55,5
6,,,55,6
7,,,55,7
8,,,55,8
9,,,55,9
0,,,56,0
1,,,56,1
2,,,56,2
3,,,56,3
4,,,56,4
5,,,56,5
6,,,56,6
7,,,56,7
8,,,56,8
9,,,56,9
0,,,57,0
1,,,57,1
2,,,57,2
3,,,57,3
4,,,57,4
5,,,57,5
6,,,57,6
7,,,57,7
8,,,57,8
9,,,57,9
0,,,58,0
1,,,58,1
2,,,58,2
3,,,58,3
4,,,58,4
5,,,58,5
6,,,58,6
7,,,58,7
8,,,58,8
9,,,58,9
0,,,59,0
1,,,59,1
2,,,59,2
3,,,59,3
4,,,59,4
5,,,59,5
6,,,59,6
7,,,59,7
8,,,59,8
9,,,59,9
0,,,60,0
1,,,60,1
2,,,60,2
3,,,60,3
4,,,60,4
5,,,60,5
6,,,60,6
7,,,60,7
8,,,60,8
9,,,60,9
0,,,61,0
1,,,61,1
2,,,61,2
3,,,61,3
4,,,61,4
5,,,61,5
6,,,61,6
7,,,61,7
8,,,61,8
9,,,61,9
0,,,62,0
1,,,62,1
2,,,62,2
3,,,62,3
4,,,62,4
5,,,62,5
6,,,62,6
7,,,62,7
8,,,62,8
9,,,62,9
0,,,63,0
1,,,63,1
2,,,63,2
3,,,63,3
4,,,63,4
5,,,63,5
6,,,63,6
7,,,63,7
8,,,63,8
9,,,63,9
0,,,64,0
1,,,64,1
2,,,64,2
3,,,64,3
4,,,64,4
5,,,64,5
6,,,64,6
7,,,64,7
8,,,64,8
9,,,64,9
0,,,65,0
1,,,65,1
2,,,65,2
3,,,65,3
4,,,65,4
5,,,65,5
6,,,65,6
7,,,65,7
8,,,65,8
9,,,65,9
0,,,66,0
1,,,66,1
2,,,66,2
3,,,66,3
4,,,66,4
5,,,66,5
6,,,66,6
7,,,66,7
8,,,66,8
9,,,66,9
0,,,67,0
1,,,67,1
2,,,67,2
3,,,67,3
4,,,67,4
5,,,67,5
6,,,67,6
7,,,67,7
8,,,67,8
9,,,67,9
0,,,68,0
1,,,68,1
2,,,68,2
3,,,68,3
4,,,68,4
5,,,68,5
6,,,68,6
7,,,68,7
8,,,68,8
9,,,68,9
0,,,69,0
1,,,69,1
2,,,69,2
3,,,69,3
4,,,69,4
5,,,69,5
6,,,69,6
7,,,69,7
8,,,69,8
9,,,69,9
0,,,70,0
1,,,70,1
2,,,70,2
3,,,70,3
4,,,70,4
5,,,70,5
6,,,70,6
7,,,70,7
8,,,70,8
9,,,70,9
0,,,71,0
1,,,71,1
2,,,71,2
3,,,71,3
4,,,71,4
5,,,71,5
6,,,71,6
7,,,71,7
8,,,71,8
9,,,71,9
0,,,72,0
1,,,72,1
2,,,72,2
3,,,72,3
4,,,72,4
5,,,72,5
6,,,72,6
7,,,72,7
8,,,72,8
9,,,72,9
0,,,73,0
1,,,73,1
2,,,73,2
3,,,73,3
4,,,73,4
5,,,73,5
6,,,73,6
7,,,73,7
8,,,73,8
9,,,73,9
0,,,74,0
1,,,74,1
2,,,74,2
3,,,74,3
4,,,74,4
5,,,74,5
6,,,74,6
7,,,74,7
8,,,74,8
9,,,74,9
0,,,75,0
1,,,75,1
2,,,75,2
3,,,75,3
4,,,75,4
5,,,75,5
6,,,75,6
7,,,75,7
8,,,75,8
9,,,75,9
0,,,76,0
1,,,76,1
2,,,76,2
3,,,76,3
4,,,76,4
5,,,76,5
6,,,76,6
7,,,76,7
8,,,76,8
9,,,76,9
0,,,77,0
1,,,77,1
2,,,77,2
3,,,77,3
4,,,77,4
5,,,77,5
6,,,77,6
7,,,77,7
8,,,77,8
9,,,77,9
0,,,78,0
1,,,78,1
2,,,78,2
3,,,78,3
4,,,78,4
5,,,78,5
6,,,78,6
7,,,78,7
8,,,78,8
9,,,78,9
0,,,79,0
1,,,79,1
2,,,79,2
3,,,79,3
4,,,79,4
5,,,79,5
6,,,79,6
7,,,79,7
8,,,79,8
9,,,79,9
0,,,80,0
1,,,80,1
2,,,80,2
3,,,80,3
4,,,80,4
5,,,80,5
6,,,80,6
7,,,80,7
8,,,80,8
9,,,80,9
0,,,81,0
1,,,81,1
2,,,81,2
3,,,81,3
4,,,81,4
5,,,81,5
6,,,81,6
7,,,81,7
8,,,81,8
9,,,81,9
0,,,82,0
1,,,82,1
2,,,82,2
3,,,82,3
4,,,82,4
5,,,82,5
6,,,82,6
7,,,82,7
8,,,82,8
9,,,82,9
0,,,83,0
1,,,83,1
2,,,83,2
3,,,83,3
4,,,83,4
5,,,83,5
6,,,83,6
7,,,83,7
8,,,83,8
9,,,83,9
0,,,84,0
1,,,84,1
2,,,84,2
3,,,84,3
4,,,84,4
5,,,84,5
6,,,84,6
7,,,84,7
8,,,84,8
9,,,84,9
0,,,85,0
1,,,85,1
2,,,85,2
3,,,85,3
4,,,85,4
5,,,85,5
6,,,85,6
7,,,85,7
8,,,85,8
9,,,85,9
0,,,86,0
1,,,86,1
2,,,86,2
3,,,86,3
4,,,86,4
5,,,86,5
6,,,86,6
7,,,86,7
8,,,86,8
9,,,86,9
0,,,87,0
1,,,87,1
2,,,87,2
3,,,87,3
4,,,87,4
5,,,87,5
6,,,87,6
7,,,87,7
8,,,87,8
9,,,87,9
0,,,88,0
1,,,88,1
2,,,88,2
3,,,88,3
4,,,88,4
5,,,88,5
6,,,88,6
7,,,88,7
8,,,88,8
9,,,88,9
0,,,89,0
1,,,89,1
2,,,89,2
3,,,89,3
4,,,89,4
5,,,89,5
6,,,89,6
7,,,89,7
8,,,89,8
9,,,89,9
0,,,90,0
1,,,90,1
2,,,90,2
3,,,90,3
4,,,90,4
5,,,90,5
6,,,90,6
7,,,90,7
8,,,90,8
9,,,90,9
0,,,91,0
1,,,91,1
2,,,91,2
3,,,91,3
4,,,91,4
5,,,91,5
6,,,91,6
7,,,91,7
8,,,91,8
9,,,91,9
0,,,92,0
1,,,92,1
2,,,92,2
3,,,92,3
4,,,92,4
5,,,92,5
6,,,92,6
7,,,92,7
8,,,92,8
9,,,92,9
0,,,93,0
1,,,93,1
2,,,93,2
3,,,93,3
4,,,93,4
5,,,93,5
6,,,93,6
7,,,93,7
8,,,93,8
9,,,93,9
0,,,94,0
1,,,94,1
2,,,94,2
3,,,94,3
4,,,94,4
5,,,94,5
6,,,94,6
7,,,94,7
8,,,94,8
9,,,94,9
0,,,95,0
1,,,95,1
2,,,95,2
3,,,95,3
4,,,95,4
5,,,95,5
6,,,95,6
7,,,95,7
8,,,95,8
9,,,95,9
0,,,96,0
1,,,96,1
2,,,96,2
3,,,96,3
4,,,96,4
5,,,96,5
6,,,96,6
7,,,96,7
8,,,96,8
9,,,96,9
0,,,97,0
1,,,97,1
2,,,97,2
3,,,97,3
4,,,97,4
5,,,97,5
6,,,97,6
7,,,97,7
8,,,97,8
9,,,97,9
0,,,98,0
1,,,98,1
2,,,98,2
3,,,98,3
4,,,98,4
5,,,98,5
6,,,98,6
7,,,98,7
8,,,98,8
9,,,98,9
0,,,99,0
1,,,99,1
2,,,99,2
3,,,99,3
4,,,99,4
5,,,99,5
6,,,99,6
7,,,99,7
8,,,99,8
9,,,99,9
0,,,100,0
1,,,100,1
2,,,100,2
3,,,100,3
4,,,100,4
5,,,100,5
6,,,100,6
7,,,100,7
8,,,100,8
9,,,100,9
0,,,101,0
1,,,101,1
2,,,101,2
3,,,101,3
4,,,101,4
5,,,101,5
6,,,101,6
7,,,101,7
8,,,101,8
9,,,101,9
0,,,102,0
1,,,102,1
2,,,102,2
3,,,102,3
4,,,102,4
5,,,102,5
6,,,102,6
7,,,102,7
8,,,102,8
9,,,102,9
0,,,103,0
1,,,103,1
2,,,103,2
3,,,103,3
4,,,103,4
5,,,103,5
6,,,103,6
7,,,103,7
8,,,103,8
9,,,103,9
0,,,104,0
1,,,104,1
2,,,104,2
3,,,104,3
4,,,104,4
5,,,104,5
6,,,104,6
7,,,104,7
8,,,104,8
9,,,104,9
0,,,105,0
1,,,105,1
2,,,105,2
3,,,105,3
4,,,105,4
5,,,105,5
6,,,105,6
7,,,105,7
8,,,105,8
9,,,105,9
0,,,106,0
1,,,106,1
2,,,106,2
3,,,106,3
4,,,106,4
5,,,106,5
6,,,106,6
7,,,106,7
8,,,106,8
9,,,106,9
0,,,107,0
1,,,107,1
2,,,107,2
3,,,107,3
4,,,107,4
5,,,107,5
6,,,107,6
7,,,107,7
8,,,107,8
9,,,107,9
0,,,108,0
1,,,108,1
2,,,108,2
3,,,108,3
4,,,108,4
5,,,108,5
6,,,108,6
7,,,108,7
8,,,108,8
9,,,108,9
0,,,109,0
1,,,109,1
2,,,109,2
3,,,109,3
4,,,109,4
5,,,109,5
6,,,109,6
7,,,109,7
8,,,109,8
9,,,109,9
0,,,110,0
1,,,110,1
2,,,110,2
3,,,110,3
4,,,110,4
5,,,110,5
6,,,110,6
7,,,110,7
8,,,110,8
9,,,110,9
0,,,111,0
1,,,111,1
2,,,111,2
3,,,111,3
4,,,111,4
5,,,111,5
6,,,111,6
7,,,111,7
8,,,111,8
9,,,111,9
0,,,112,0
1,,,112,1
2,,,112,2
3,,,112,3
4,,,112,4
5,,,112,5
6,,,112,6
7,,,112,7
8,,,112,8
9,,,112,9
0,,,113,0
1,,,113,1
2,,,113,2
3,,,113,3
4,,,113,4
5,,,113,5
6,,,113,6
7,,,113,7
8,,,113,8
9,,,113,9
0,,,114,0
1,,,114,1
2,,,114,2
3,,,114,3
4,,,114,4
5,,,114,5
6,,,114,6
7,,,114,7
8,,,114,8
9,,,114,9
0,,,115,0
1,,,115,1
2,,,115,2
3,,,115,3
4,,,115,4
5,,,115,5
6,,,115,6
7,,,115,7
8,,,115,8
9,,,115,9
0,,,116,0
1,,,116,1
2,,,116,2
3,,,116,3
4,,,116,4
5,,,116,5
6,,,116,6
7,,,116,7
8,,,116,8
9,,,116,9
0,,,117,0
1,,,117,1
2,,,117,2
3,,,117,3
4,,,117,4
5,,,117,5
6,,,117,6
7,,,117,7
8,,,117,8
9,,,117,9
0,,,118,0
1,,,118,1
2,,,118,2
3,,,118,3
4,,,118,4
5,,,118,5
6,,,118,6
7,,,118,7
8,,,118,8
9,,,118,9
0,,,119,0
1,,,119,1
2,,,119,2
3,,,119,3
4,,,119,4
5,,,119,5
6,,,119,6
7,,,119,7
8,,,119,8
9,,,119,9
0,,,120,0
1,,,120,1
2,,,120,2
3,,,120,3
4,,,120,4
5,,,120,5
6,,,120,6
7,,,120,7
8,,,120,8
9,,,120,9
0,,,121,0
1,,,121,1
2,,,121,2
3,,,121,3
4,,,121,4
5,,,121,5
6,,,121,6
7,,,121,7
8,,,121,8
9,,,121,9
0,,,122,0
1,,,122,1
2,,,122,2
3,,,122,3
4,,,122,4
5,,,122,5
6,,,122,6
7,,,122,7
8,,,122,8
9,,,122,9
0,,,123,0
1,,,123,1
2,,,123,2
3,,,123,3
4,,,123,4
5,,,123,5
6,,,123,6
7,,,123,7
8,,,123,8
9,,,123,9
0,,,124,0
1,,,124,1
2,,,124,2
3,,,124,3
4,,,124,4
5,,,124,5
6,,,124,6
7,,,124,7
8,,,124,8
9,,,124,9
0,,,125,0
1,,,125,1
2,,,125,2
3,,,125,3
4,,,125,4
5,,,125,5
6,,,125,6
7,,,125,7
8,,,125,8
9,,,125,9
0,,,126,0
1,,,126,1
2,,,126,2
3,,,126,3
4,,,126,4
5,,,126,5
6,,,126,6
7,,,126,7
8,,,126,8
9,,,126,9
0,,,127,0
1,,,127,1
2,,,127,2
3,,,127,3
4,,,127,4
5,,,127,5
6,,,127,6
7,,,127,7
8,,,127,8
9,,,127,9
0,,,128,0
1,,,128,1
2,,,128,2
3,,,128,3
4,,,128,4
5,,,128,5
6,,,128,6
7,,,128,7
8,,,128,8
9,,,128,9
0,,,129,0
1,,,129,1
2,,,129,2
3,,,129,3
4,,,129,4
5,,,129,5
6,,,129,6
7,,,129,7
8,,,129,8
9,,,129,9
0,,,130,0
1,,,130,1
2,,,130,2
3,,,130,3
4,,,130,4
5,,,130,5
6,,,130,6
7,,,130,7
8,,,130,8
9,,,130,9
0,,,131,0
1,,,131,1
2,,,131,2
3,,,131,3
4,,,131,4
5,,,131,5
6,,,131,6
7,,,131,7
8,,,131,8
9,,,131,9
0,,,132,0
1,,,132,1
2,,,132,2
3,,,132,3
4,,,132,4
5,,,132,5
6,,,132,6
7,,,132,7
8,,,132,8
9,,,132,9
0,,,133,0
1,,,133,1
2,,,133,2
3,,,133,3
4,,,133,4
5,,,133,5
6,,,133,6
7,,,133,7
8,,,133,8
9,,,133,9
0,,,134,0
1,,,134,1
2,,,134,2
3,,,134,3
4,,,134,4
5,,,134,5
6,,,134,6
7,,,134,7
8,,,134,8
9,,,134,9
0,,,135,0
1,,,135,1
2,,,135,2
3,,,135,3
4,,,135,4
5,,,135,5
6,,,135,6
7,,,135,7
8,,,135,8
9,,,135,9
0,,,136,0
1,,,136,1
2,,,136,2
3,,,136,3
4,,,136,4
5,,,136,5
6,,,136,6
7,,,136,7
8,,,136,8
9,,,136,9
0,,,137,0
1,,,137,1
2,,,137,2
3,,,137,3
4,,,137,4
5,,,137,5
6,,,137,6
7,,,137,7
8,,,137,8
9,,,137,9
0,,,138,0
1,,,138,1
2,,,138,2
3,,,138,3
4,,,138,4
5,,,138,5
6,,,138,6
7,,,138,7
8,,,138,8
9,,,138,9
0,,,139,0
1,,,139,1
2,,,139,2
3,,,139,3
4,,,139,4
5,,,139,5
6,,,139,6
7,,,139,7
8,,,139,8
9,,,139,9
0,,,140,0
1,,,140,1
2,,,140,2
3,,,140,3
4,,,140,4
5,,,140,5
6,,,140,6
7,,,140,7
8,,,140,8
9,,,140,9
0,,,141,0
1,,,141,1
2,,,141,2
3,,,141,3
4,,,141,4
5,,,141,5
6,,,141,6
7,,,141,7
8,,,141,8
9,,,141,9
0,,,142,0
1,,,142,1
2,,,142,2
3,,,142,3
4,,,142,4
5,,,142,5
6,,,142,6
7,,,142,7
8,,,142,8
9,,,142,9
0,,,143,0
1,,,143,1
2,,,143,2
3,,,143,3
4,,,143,4
5,,,143,5
6,,,143,6
7,,,143,7
8,,,143,8
9,,,143,9
0,,,144,0
1,,,144,1
2,,,144,2
3,,,144,3
4,,,144,4
5,,,144,5
6,,,144,6
7,,,144,7
8,,,144,8
9,,,144,9
0,,,145,0
1,,,145,1
2,,,145,2
3,,,145,3
4,,,145,4
5,,,145,5
6,,,145,6
7,,,145,7
8,,,145,8
9,,,145,9
0,,,146,0
1,,,146,1
2,,,146,2
3,,,146,3
4,,,146,4
5,,,146,5
6,,,146,6
7,,,146,7
8,,,146,8
9,,,146,9
0,,,147,0
1,,,147,1
2,,,147,2
3,,,147,3
4,,,147,4
5,,,147,5
6,,,147,6
7,,,147,7
8,,,147,8
9,,,147,9
0,,,148,0
1,,,148,1
2,,,148,2
3,,,148,3
4,,,148,4
5,,,148,5
6,,,148,6
7,,,148,7
8,,,148,8
9,,,148,9
0,,,149,0
1,,,149,1
2,,,149,2
3,,,149,3
4,,,149,4
5,,,149,5
6,,,149,6
7,,,149,7
8,,,149,8
9,,,149,9
0,,,150,0
1,,,150,1
2,,,150,2
3,,,150,3
4,,,150,4
5,,,150,5
6,,,150,6
7,,,150,7
8,,,150,8
9,,,150,9
0,,,151,0
1,,,151,1
2,,,151,2
3,,,151,3
4,,,151,4
5,,,151,5
6,,,151,6
7,,,151,7
8,,,151,8
9,,,151,9
